<?xml version="1.0" encoding="UTF-8"?>
<project-private xmlns="http://www.netbeans.org/ns/project-private/1">
    <editor-bookmarks xmlns="http://www.netbeans.org/ns/editor-bookmarks/2" lastBookmarkId="0"/>
    <open-files xmlns="http://www.netbeans.org/ns/projectui-open-files/2">
        <group>
            <file>file:/D:/Spring2025/SWP/GitHub/quan-ly-cua-hang-ban-le/RetailStoreManagement/src/java/model/Customer.java</file>
            <file>file:/D:/Spring2025/SWP/GitHub/quan-ly-cua-hang-ban-le/RetailStoreManagement/web/assets/js/script.js</file>
            <file>file:/D:/Spring2025/SWP/GitHub/quan-ly-cua-hang-ban-le/RetailStoreManagement/web/modals.jsp</file>
            <file>file:/D:/Spring2025/SWP/GitHub/quan-ly-cua-hang-ban-le/RetailStoreManagement/web/index.html</file>
            <file>file:/D:/Spring2025/SWP/GitHub/quan-ly-cua-hang-ban-le/RetailStoreManagement/src/java/controller/CustomerServlet.java</file>
            <file>file:/D:/Spring2025/SWP/GitHub/quan-ly-cua-hang-ban-le/RetailStoreManagement/web/components-cards.html</file>
            <file>file:/D:/Spring2025/SWP/GitHub/quan-ly-cua-hang-ban-le/RetailStoreManagement/web/customer%20managerment.html</file>
            <file>file:/D:/Spring2025/SWP/GitHub/quan-ly-cua-hang-ban-le/RetailStoreManagement/web/customers_content.jsp</file>
            <file>file:/D:/Spring2025/SWP/GitHub/quan-ly-cua-hang-ban-le/RetailStoreManagement/web/customers.jsp</file>
            <file>file:/D:/Spring2025/SWP/GitHub/quan-ly-cua-hang-ban-le/RetailStoreManagement/src/java/dao/CustomerDAO.java</file>
        </group>
    </open-files>
</project-private>
