<?xml version="1.0" encoding="UTF-8"?>
<project-private xmlns="http://www.netbeans.org/ns/project-private/1">
    <editor-bookmarks xmlns="http://www.netbeans.org/ns/editor-bookmarks/2" lastBookmarkId="0"/>
    <open-files xmlns="http://www.netbeans.org/ns/projectui-open-files/2">
        <group>
            <file>file:/D:/Spring2025/SWP/GitHub/quan-ly-cua-hang-ban-le/RetailStoreManagement/src/java/dao/VoucherDAO.java</file>
            <file>file:/D:/Spring2025/SWP/GitHub/quan-ly-cua-hang-ban-le/RetailStoreManagement/web/index.html</file>
            <file>file:/D:/Spring2025/SWP/GitHub/quan-ly-cua-hang-ban-le/RetailStoreManagement/src/java/controller/VoucherServlet.java</file>
            <file>file:/D:/Spring2025/SWP/GitHub/quan-ly-cua-hang-ban-le/RetailStoreManagement/web/vouchers.jsp</file>
            <file>file:/D:/Spring2025/SWP/GitHub/quan-ly-cua-hang-ban-le/RetailStoreManagement/src/java/model/Voucher.java</file>
        </group>
    </open-files>
</project-private>
